Sample_ID,Site,Location,mean_GWC,K_mg_per_kg,SO4-S_mg_per_kg,B_mg_per_kg,Zn_mg_per_kg,Mn_mg_per_kg,Cu_mg_per_kg,Fe_mg_per_kg,Ca_Meq_per_100_g,Mg_Meq_per_100_g,Na_Meq_per_100_g,Total_Bases_Meq_per_100_g,CEC_Meq_per_100_g,Total_Sulfur_pct,Total_Nitrogen_pct,Total_Carbon_pct,C_to_N_ratio,NO3-N_mg_per_g_of_soil_mean,NH4-N_mg_per_g_of_soil_mean,P_Bicarb_mg_per_g_of_soil_mean,pH,P_Extract,Sand_pct,Silt_pct,Clay_pct,WEOC_mean,WETN_mean,salt_C_mean,salt_N_mean,MBC_mean,MBN_mean,Sample,Site_Code,Lat,Long,Elev.m,Soil.Temperature.C,BiomeType,NOSC,CUE,lambda,AImod,DBE,Calculated m/z,CUE_CV,lambda_CV,Respiration,Lignin-like_frac,Cond Hydrocarbon-like_frac,Tannin-like_frac,Protein-like_frac,Unsat Hydrocarbon-like_frac,Carbohydrate-like_frac,Amino Sugar-like_frac,Lipid-like_frac,Other_frac,Shannon_Index,labile_to_recal_Ratio,alpha_diversity,abs_stoichMet_donor,stoichMet_hco3,qs_max,mu_max,CN_WEOM
1000S_ANZA,ANZA,TOP,1.002,107.0,4.0,0.25,0.2,1.9,0.1,13.0,3.27,0.26,0.1,3.9,5.62,101.84,0.059,0.209,3.542,0.0039,0.0012,0.002,8.75,Olsen,83.1,9.9,7.1,0.029364385069014,0.00523936395924314,0.126612211293344,0.00925324304671935,0.0810163517774392,0.0072670165314323,ANZA_TOP,ANZA,33.305325,-116.254011,191.0,42.7,Desert shrubland,-0.31250501486843785,0.5312323468330384,0.04657548285423532,0.19699987361097746,8.193066673715444,459.99391106149494,0.10828684287652994,0.43115313261832444,0.0114,0.4493013972055888,0.22005988023952097,0.112375249500998,0.08483033932135728,0.03792415169660679,0.0375249500998004,0.025449101796407185,0.025049900199600798,0.0074850299401197605,1.6172339558984337,0.27920337035618537,10020,0.10258757296592556,0.9015556285166382,0.9186949807627118,0.4762866802679755,5.60457057334415
1000S_BLAN,BLAN,TOP,1.157,189.0,10.0,0.42,0.7,28.3,0.7,54.0,5.47,0.81,0.05,6.81,11.9,63.54,0.196,1.676,8.551,0.001,0.0022,0.0024,6.5,Bray,25.0,45.8,29.3,0.127422792651219,0.0136288460306627,0.0540458680276268,0.00977925894528102,0.0715234037579819,0.0214710119817797,BLAN_TOP,BLAN,39.05941,-78.07207,174.0,19.7,Temperate forests,-0.3268478166185351,0.5235983212380354,0.04452597035803436,0.20191329005046638,9.127083559822243,498.6137411603951,0.10298831129988409,0.4685106819681197,0.052399999999999995,0.39919701749354747,0.26142816174361916,0.10037281330656725,0.08798394034987095,0.0540292515055922,0.04026383710926298,0.031889876684829364,0.020648121594493835,0.004186980212216806,1.6618401396518507,0.31406391317455534,17435,0.09569072550644064,0.9280126207316124,0.8396153179503918,0.43064835940293283,9.349492419573773
1000S_CFS1,CFS1,TOP,1.112,231.0,,,,,,,2.41,0.68,0.08,3.76,5.55,92.27,0.14,1.212,8.657,0.0083,0.0214,0.1453,6.66,Bray,68.1,19.94,11.96,0.0618758392508097,0.0298901940626492,0.0569951525553389,0.0483616723911211,0.0827639867014732,0.034699371544631,CFS1_TOP,CFS1,35.3828,-78.03818,24.0,18.5,Temperate coniferous forests,-0.2826656560104522,0.5199848360019494,0.05673619775535245,0.23614920654501276,7.566895539795392,400.5044105210636,0.1170299425185478,0.5040137985740385,0.08106999999999999,0.5376680212566427,0.19412316348859018,0.10847139731165989,0.08346358236949046,0.006251953735542357,0.003751172241325414,0.010940919037199124,0.05470459518599562,0.0006251953735542357,1.365717297497997,0.19010416666666666,3199,0.1216621691582443,0.9472612310694719,1.0723514944008057,0.5432684993278897,2.070104968911185
1000S_CFS2,CFS2,TOP,1.106,134.0,4.0,0.11,3.6,5.1,2.2,48.0,1.76,0.5,0.05,2.65,4.06,37.81,0.114,1.019,8.939,0.0036,0.0008,0.1497,6.66,Bray,84.01,6.0,10.0,0.0290408761331531,0.00867197799455113,0.025929639602984,0.0103213258295925,0.0740993359737135,0.0176837727224666,CFS2_TOP,CFS2,35.38329,-81.434174,24.0,23.0,Temperate forests,-0.07610183634053226,0.4991661964040236,0.057048403143677415,0.2857630111947579,9.37820471687493,492.7463795958445,0.18905607413906095,0.7678431965735318,0.02484,0.4113785557986871,0.3676148796498906,0.19146608315098468,0.006564551422319475,0.0010940919037199124,0.002188183807439825,0.0010940919037199124,0.0175054704595186,0.0010940919037199124,1.1893724928642413,0.030439684329199548,914,0.13000141994673045,1.0826531765330882,1.200257565052116,0.5224042883072886,3.3488180149212066
1000S_CLBJ,CLBJ,TOP,1.278,156.0,6.0,0.4,1.6,5.9,0.2,12.0,9.02,1.04,0.07,10.53,2.04,198.71,0.172,1.549,9.006,0.0008,0.0042,0.0034,7.28,Olsen,49.0,37.9,13.2,0.0975514182354067,0.0213978847842031,0.0882426566194119,0.0143268230487527,0.201579624868987,0.0285124929433425,CLBJ_TOP,CLBJ,33.401641,-97.570431,274.0,18.4,Temperate grasslands,-0.2446983828865209,0.5186970778321995,0.04754221853643371,0.2144411444937845,8.74348546657135,466.06198898259987,0.11653182303329922,0.42058136414796743,0.0246,0.38614612511671337,0.33169934640522875,0.08922735760971055,0.06460084033613446,0.050186741363211954,0.03413865546218487,0.020716619981325863,0.016398225957049487,0.0068860877684407094,1.573529760863405,0.23904555314533624,17136,0.10389607008508255,0.9513358863226876,0.9244209630949336,0.46543780478402597,4.558928100567381
1000S_CPER,CPER,TOP,1.032,232.0,6.0,0.32,0.7,13.9,0.7,31.0,5.97,1.35,0.06,7.97,9.61,73.59,0.163,1.182,7.252,0.0083,0.0046,0.0558,6.18,Bray,69.1,17.8,13.2,0.0681382807513523,0.0128877259647427,0.0442330133369906,0.0148469915923881,0.0752796260645499,0.0114462419927302,CPER_TOP,CPER,40.81909,-104.748961,1641.0,32.9,Temperate grasslands,-0.2507950998919625,0.5158063989090658,0.048615810294551295,0.20487467910066592,8.527989397392297,468.8583953703707,0.11507903828378624,0.3763241255137964,0.0219,0.3799886870718371,0.3668531204826849,0.11828294890327447,0.039532398969266545,0.0273395763936899,0.038526805354785996,0.014895355414493118,0.008170448117654452,0.006410659292313494,1.4739462394812735,0.15590265165274247,15911,0.10509480606183802,0.9612311620553502,0.9251831608740226,0.4676622107606079,5.287067783545369
1000S_DCFS,DCFS,TOP,1.337,820.0,22.0,1.09,16.5,31.9,1.6,199.0,20.64,7.81,0.07,30.62,39.78,266.55,0.962,10.643,11.063,0.0021,0.0051,0.0025,6.37,Bray,45.0,35.8,19.3,0.276989393684703,0.0492849868031616,0.12721652959244,0.0152967049734728,0.321770515639606,0.0677134519135075,DCFS_TOP,DCFS,47.163063,-99.109193,569.0,22.9,Temperate grasslands,-0.1718452313948836,0.5073024690936605,0.051740221410239304,0.22551865113023453,8.854060622096815,461.72161162664634,0.127035390800992,0.4985668380774485,0.1986,0.3682156360531772,0.3534577387486279,0.11190389071838029,0.05982436882546652,0.035248201000121965,0.034211489206000735,0.02274667642395414,0.009269423100378095,0.005122575923893158,1.5388939779545,0.19964884044187578,16398,0.11158236931499406,0.9990975699789088,0.9891016538674084,0.48350674595546983,5.6201576108961095
1000S_DELA,DELA,TOP,1.241,86.0,42.0,0.53,3.5,105.6,2.5,241.0,4.36,1.48,0.11,6.17,24.43,178.55,0.289,2.378,8.228,0.0006,0.0026,1.69,5.08,,23.0,39.8,37.2,0.00955103782536255,0.0243307525980101,0.0976125684192339,0.0120308783540477,0.0565285413151149,0.0124723862386287,DELA_TOP,DELA,32.542,-87.804,32.0,27.3,Temperate forests,-0.40472670419277845,0.5270154858231968,0.04630508865444884,0.19756956225394176,7.3609709724784205,473.911807605937,0.11985781658616457,0.40319530603843773,0.0959,0.5333333333333333,0.13548387096774195,0.11612903225806452,0.07983870967741935,0.0478494623655914,0.025806451612903226,0.026344086021505377,0.02903225806451613,0.006182795698924731,1.5277478611713986,0.273972602739726,3720,0.09944031250978175,0.9216705849817575,0.8639233121774255,0.4415176552969735,0.39255003670308514
1000S_DSNY,DSNY,TOP,1.072,57.0,2.0,0.12,0.1,0.7,0.2,22.0,1.02,0.13,0.09,1.39,8.95,104.46,0.093,1.33,14.301,0.0007,0.0015,0.0015,5.08,Bray,88.9,6.0,5.2,0.0513425094149534,0.00860496877986263,0.0228082488710712,0.0031451432498401,0.142503850261241,0.0221257666327592,DSNY_TOP,DSNY ,28.125842,-81.434174,24.0,40.6,Temperate coniferous forests,-0.4012451299344246,0.5264852198713847,0.04447026019020941,0.2037033766901533,8.16830952019985,485.0792909792292,0.11147266423130783,0.3915027115125339,0.0169,0.4460017383746197,0.25945241199478486,0.07062146892655367,0.08257279443720121,0.05693176879617558,0.02368535419382877,0.02585832246849196,0.03009561060408518,0.0047805302042590175,1.5805918191622352,0.28853422931541367,9204,0.0955591595882385,0.9204955638402298,0.8284533173199221,0.42688620512844816,5.966611934154284
1000S_FTA5,FTA5,TOP,1.195,1218.0,5.0,0.77,1.6,13.3,0.7,33.0,6.53,1.86,0.09,11.6,13.8,108.37,0.192,1.477,7.693,0.0015,0.0201,0.0345,7.34,Olsen,64.06,21.96,13.98,0.0638045635846896,0.0397020860917617,0.120103991893729,0.0456566505921378,0.16828988403449,0.0245496235333939,FTA5_TOP,FTA5,46.9045,-120.6241,831.0,12.8,Desert shrubland,-0.1471450039768197,0.5098516744068639,0.05314865615970596,0.23734984051378807,8.42542609819433,452.84906548807953,0.1396562830897155,0.5089168489322184,0.024079999999999997,0.34914037407897225,0.4924428490459097,0.11250708482901946,0.011619119591913848,0.016720196485924807,0.00906858114490837,0.0034007179293406384,0.00330625354241451,0.0017948233515964482,1.174408014038651,0.04811881188118812,10586,0.11621668654192284,0.9941412875052406,1.0437743748509507,0.5105639052051986,1.607083402046454
1000S_GRSM,GRSM,TOP,1.349,205.0,10.0,0.31,11.0,31.4,3.4,84.0,6.7,0.71,0.06,8.0,17.34,289.86,0.37,4.765,12.878,0.0024,0.0059,0.0305,6.21,Bray,55.0,31.8,13.3,0.146638759734801,0.0358785776745568,0.0577803206291712,0.0185698910063628,0.304529617540871,0.0666558016516965,GRSM_TOP,GRSM ,35.689102,-85.502462,547.0,28.6,Temperate forests,-0.3490624315255977,0.5236161912009245,0.04539084344786606,0.20659938692609056,8.081924258682042,467.58292435827065,0.10299967013318977,0.3699400463731795,0.13319999999999999,0.44408791914006096,0.1862666452751484,0.08535215786940478,0.11663725332905503,0.09273223167014279,0.015562329536338841,0.02711374939836355,0.029359858815979464,0.0028878549655061768,1.6377772050393953,0.39722035418067697,6233,0.09751323907108314,0.928277744582779,0.8500506189464551,0.4360666286543926,4.087083971525145
1000S_ISCC,ISCC,TOP,1.14,237.0,10.0,0.68,2.1,9.4,1.9,55.0,20.89,6.57,0.06,28.13,35.19,117.85,0.378,4.392,11.619,0.0059,0.003,0.025,6.84,Bray,17.1,43.8,39.2,0.077751701562363,0.012247981854366,0.0144477160300375,0.00377772405559823,0.0396145116860179,0.0072466979391463,ISCC_TOP,ISCC,41.3689584,-91.6066851,231.0,31.4,Temperate grasslands,-0.2083685084738687,0.5138075488440008,0.048602429031290265,0.22008904483470962,9.005449145740956,478.94385461765916,0.12110570299838497,0.47576174912340596,0.0726,0.3422454253019037,0.4065285028740178,0.10346464167062173,0.0466170964509835,0.02409956230554237,0.04287296313874387,0.018826135105204873,0.009281231872594,0.0060644412803881245,1.4845071577560427,0.17338036012622982,18963,0.1057366822364421,0.9711738783885497,0.9400298732662355,0.46802559461575616,6.348123510212998
1000S_ISNC,ISNC,TOP,1.131,228.0,5.0,0.36,2.4,11.4,1.0,25.0,20.09,5.91,0.06,26.64,30.64,118.32,0.265,3.38,12.755,0.0024,0.0024,0.0156,6.95,Bray,14.9,50.0,35.2,0.0712834119623289,0.00713513877523158,0.00582633376835958,0.00105995802035201,0.0388133334029042,0.00502035931445901,ISNC_TOP,ISNC,41.3690394,-91.6065423,231.0,30.4,Temperate grasslands,-0.1544835289912244,0.508669517492736,0.05469214851021619,0.22940179300108296,8.117956638382996,427.78443206368956,0.1308192180966077,0.45206150813789164,0.1169,0.3834162955200419,0.3760806916426513,0.12968299711815562,0.043489651558815824,0.025412627718103223,0.015457165313073094,0.017160073356038773,0.005632695834424941,0.0036678019386953103,1.413873796011926,0.12463170300530348,7634,0.11909011923634218,0.9958231279709904,1.063585616884875,0.5210318959934268,9.990473094900008
1000S_JERC,JERC,TOP,1.031,66.0,4.0,0.15,0.2,25.7,0.1,14.0,1.93,0.55,0.08,2.73,5.49,72.87,0.104,1.8,17.308,0.0006,0.0019,0.0029,6.29,Bray,75.0,14.1,11.0,0.0601561334468433,0.00546727287413274,0.0923672827389081,0.0073730840970109,0.0811422088058359,0.0153292738155336,JERC_TOP,JERC,31.197778,-84.463889,50.0,27.5,Temperate coniferous forests,-0.2822277038149333,0.5183701756284332,0.04998147890859708,0.21342992020683688,8.00316744670769,445.4678246756551,0.12746930872732132,0.4830515427325616,0.048799999999999996,0.4170087013626662,0.18995238877031687,0.10310293876210803,0.11459530454769332,0.07355114102774585,0.027253324577245115,0.03365621408635692,0.03661139385979314,0.004268593006074536,1.7114103975280222,0.40832369942196534,6091,0.1084938259897311,0.9573957350336924,0.9576539713172916,0.47660903208733857,11.002950617566482
1000S_JORN,JORN,TOP,1.034,217.0,2.0,0.11,0.2,2.2,0.8,9.0,4.68,0.97,0.04,6.25,5.37,13.48,0.067,0.3,4.478,0.0018,0.0018,0.0014,8.52,Olsen,79.0,7.9,13.1,0.0149583877648123,0.00254227738859054,0.082648090205282,0.00326831151831842,0.0415138547450162,0.00550300619791345,JORN_TOP,JORN ,32.59092,-106.84286,1326.0,23.9,Desert shrubland,-0.1549315697058487,0.5143633807451145,0.05356803894455831,0.22967595216866027,7.684703333405382,430.3185782673509,0.1860780786067677,0.6049825793451767,0.0096,0.4159650763953851,0.2192079825381977,0.09603991269098847,0.10757717492984098,0.04396632366697849,0.03461178671655753,0.04864359214218896,0.03274087932647334,0.0012472715933894605,1.6835647699070855,0.367590618336887,3207,0.12534719245607848,1.017331891915076,1.1812674323600616,0.5366558953632953,5.883853521234108
1000S_KONA,KONA,TOP,1.248,409.0,12.0,0.32,1.4,52.4,3.3,82.0,11.64,2.32,0.17,15.18,19.36,197.28,0.188,2.061,10.963,0.02,0.0031,0.0166,5.04,Bray,21.0,42.0,37.1,0.0501584650942497,0.0251464496142832,0.0321988603695334,0.031560938371964,0.0657432742478778,0.0169725571498048,KONA_TOP,KONA,39.11012,-96.61216,358.0,26.6,Temperate grasslands,-0.009969904879070433,0.48622179482226524,0.0668167627941661,0.2631648415268407,8.096051244923409,397.5313873251224,0.19282022828116568,0.6835182822257868,0.0809,0.48059701492537316,0.28493894165535955,0.15495251017639078,0.026051560379918588,0.03582089552238806,0.005698778833107192,0.007598371777476255,0.0029850746268656717,0.0013568521031207597,1.3059363534053934,0.08637971698113207,3685,0.14826062622030362,1.144972325495336,1.3543670030019146,0.5766087025005667,1.9946539516958155
1000S_KONZ,KONZ,TOP,1.409,592.0,11.0,0.46,4.5,24.5,0.9,55.0,15.73,3.42,0.09,20.76,26.0,280.41,0.396,4.774,12.056,0.001,0.0033,0.0056,6.41,Bray,18.9,48.0,33.1,0.248625587708704,0.0227396759910432,0.0647258127684794,0.00767519215872999,0.0785722234369532,0.0183189132928827,KONZ_TOP,KONZ,39.10091,-96.56277,394.0,30.6,Temperate grasslands,-0.21583458051943819,0.5111341223947904,0.05175833044258555,0.2330091428107678,8.799648059699383,444.2874910178331,0.12876454809200627,0.536297396909918,0.36119999999999997,0.41015421937272567,0.3210881996187836,0.10015595217466644,0.06532663316582915,0.057182464044359727,0.01316929474961012,0.017328019407381736,0.014902096690348293,0.0006931207762952695,1.4976490646673464,0.2027928303459775,5771,0.11159002384608646,0.9863939081778967,0.9859230570664508,0.48158112750885856,10.933558939302111
1000S_LENO,LENO,TOP,1.341,169.0,7.0,0.38,4.2,35.4,0.8,105.0,9.91,1.86,0.1,12.3,16.01,157.1,0.227,2.089,9.203,0.0009,0.0062,0.0066,5.91,Bray,44.8,28.1,27.1,0.137117975938641,0.0210180230126409,0.0262809590486633,0.0103959336406952,0.142029456768144,0.032624908060439,LENO_TOP,LENO ,31.854,-88.161,28.0,23.0,Temperate forests,-0.2829467661744237,0.5157434369152052,0.04754287460694276,0.20349427802605288,8.547336497531363,464.5974055475511,0.09961842689144688,0.3785341123428915,0.09,0.4908432708688245,0.18781942078364566,0.12074105621805792,0.062180579216354344,0.07708688245315162,0.015971039182282792,0.018739352640545145,0.024063032367972744,0.002555366269165247,1.5344637502804994,0.2509323388385722,4696,0.10101388040576803,0.9559684701684215,0.8796808641403729,0.44530050721082876,6.523828423642602
1000S_MLBS,MLBS,TOP,1.548,76.0,18.0,0.66,2.8,2.2,0.4,299.0,0.69,0.37,0.09,1.34,8.55,243.13,0.413,7.272,17.608,0.0011,0.0057,0.0076,3.89,Bray,66.8,18.2,15.1,0.0976633663687391,0.00639951551136591,0.0616585155805862,0.0160422484298215,0.328958385777373,0.0845618398695574,MLBS_TOP,MLBS,37.3779,-80.52435,601.0,16.2,Temperate forests,-0.2604013686774766,0.5060366107227091,0.04905837565591312,0.2215274451708847,8.710751498250268,467.56651193716556,0.10824360520622388,0.38402963986056715,0.0313,0.4147465437788018,0.2867985904039035,0.10788831661696936,0.05204662510165357,0.07888316616969368,0.014095960965031174,0.016535646516671186,0.025210084033613446,0.003795066413662239,1.5594725016660882,0.23543201607501674,3689,0.102649254601632,0.9965640770674684,0.8818979312646201,0.43728745847783174,15.261056277664036
1000S_MOAB,MOAB,TOP,1.007,212.0,2.0,0.37,0.4,4.3,0.3,5.0,9.12,1.14,0.05,10.85,9.54,54.12,0.079,0.47,5.949,0.0014,0.0023,0.0032,8.57,Olsen,68.7,16.2,15.2,0.037329554448461,0.00459764077160418,0.0494235433739459,0.00763553005887578,0.0876732560139198,0.0114617053665292,MOAB_TOP,MOAB ,38.24742,-109.3883,1764.0,39.2,Desert shrubland,-0.13046320638367911,0.511764553779471,0.05723347441073777,0.2677047337064129,7.9007543788147165,405.38606867068734,0.16949628225626404,0.6113141522311761,0.013,0.47113328581610836,0.21596578759800428,0.14611546685673557,0.10049893086243764,0.01924447612259444,0.008553100498930863,0.01781895937277263,0.01924447612259444,0.0014255167498218105,1.4714024500080105,0.20017108639863132,1403,0.12986875704257322,1.0126250380151518,1.2024676114287212,0.5556373118724891,8.119284716416894
1000S_NOGP,NOGP,TOP,1.18,824.0,15.0,0.52,4.5,98.5,3.7,62.0,14.06,4.25,0.05,20.47,31.31,135.24,0.448,4.485,10.011,0.0024,0.0034,0.0027,6.37,Bray,26.8,46.1,27.1,0.194947126975769,0.0275894329239798,0.0705343253674183,0.0101386409929402,0.205392566930109,0.0291958650735085,NOGP_TOP,NOGP,46.770404,-100.913635,573.0,33.8,Temperate grasslands,-0.1023374257740909,0.5009801548021617,0.054409170152453765,0.2378385075436372,8.797890706018794,449.33778533138496,0.15081245947838232,0.5177867372169223,0.1745,0.3439239575674824,0.3942863144627665,0.1023526940447432,0.056139061023001785,0.029303644575149668,0.037338514861884255,0.019168154605608653,0.009400273080558765,0.008087385778804747,1.513841837681874,0.18967887042359116,19042,0.11935313308380296,1.0395047020414523,1.0711781835331635,0.5053208024826972,7.066007029319097
1000S_NWBA,NWBA,TOP,1.32,48.0,6.0,0.23,14.0,18.3,3.7,36.0,4.89,1.03,0.05,6.09,8.43,178.39,0.196,2.846,14.52,0.0027,0.0008,0.0117,7.15,Olsen,78.02,11.99,9.99,0.0826809031610568,0.0408777403257926,0.0290802312326624,0.00754977961195557,0.152641448027601,0.0285194070571447,NWBA_TOP,NWBA,38.993891,-76.977789,44.0,12.95,Temperate forests,-0.1179924861381964,0.5042205124600921,0.05429229392997546,0.23818131464525016,8.806696813555682,427.0954133306958,0.14006075673475157,0.4814960231166814,0.11712,0.43463497453310695,0.28789716226048995,0.16250303177298084,0.04947853504729566,0.03759398496240601,0.0014552510308028135,0.008488964346349746,0.016007761338830948,0.0019403347077370846,1.4162924890359045,0.12989860235681008,4123,0.11831586754918241,1.0189900744365714,1.0597305259622878,0.5104174990806034,2.022638788301312
1000S_NWBB,NWBB,TOP,1.272,84.0,25.0,0.11,1.6,51.2,1.0,49.0,1.18,0.44,0.07,1.91,8.25,118.11,0.174,2.08,11.954,0.0015,0.0015,0.0207,6.01,Bray,68.89,16.59,14.52,0.058945418056289,0.0187064048262726,0.13664356256587,0.0178442456551364,0.224711697378614,0.0343232023388028,NWBB_TOP,NWBB,38.994073,-76.977954,44.0,17.700000000000003,Temperate forests,-0.12915419512815543,0.501149747732605,0.044757985515149985,0.23378215952573822,10.107670457266368,505.2258795780621,0.15484440233614974,0.4099880630842087,0.04992,0.5031369815266643,0.2302195887068665,0.15963750435691879,0.027361449982572325,0.05768560474032764,0.00435691878703381,0.006448239804810039,0.008539560822586266,0.0026141512722202857,1.3520953855783657,0.11982825917252146,5738,0.09764643579438631,1.0429857757191283,0.8705760127007961,0.4132797677724703,3.151082134900763
1000S_NWBC,NWBC,TOP,1.389,238.0,14.0,0.25,5.6,62.7,1.3,64.0,6.43,2.3,0.06,9.4,24.83,252.91,0.415,4.954,11.937,0.0028,0.0014,0.0097,5.89,Bray,52.01,29.99,18.0,0.139526489998515,0.0506287331673721,0.245637081184747,0.0107826715701154,0.263653595913977,0.0590070508067233,NWBC_TOP,NWBC,38.99425,-76.978175,44.0,16.7,Temperate forests,-0.06011189374876105,0.49341586299855045,0.04751468458577532,0.2347684205496502,10.286306831468453,491.0267329085804,0.15988759214126147,0.4155543468091385,0.20002,0.41456810181424314,0.35364202545356077,0.1429731925264013,0.024235039263471432,0.0463038180341186,0.0020308692120227455,0.006904955320877335,0.00487408610885459,0.004467912266450041,1.340224638402235,0.0974739970282318,7386,0.10320561981358237,1.0775514319736013,0.921339410874594,0.43025275656275963,2.7558755921713134
1000S_OAES,OAES,TOP,1.138,325.0,8.0,0.94,0.8,2.0,0.3,2.0,16.24,2.6,0.09,19.76,19.11,297.32,0.222,2.647,11.923,0.0008,0.0015,0.0013,8.3,Olsen,26.8,42.1,31.1,0.0168177134922689,0.00148687282086693,0.0559383867468984,0.00502514302093996,0.325540682419424,0.028588366983596,OAES_TOP,,35.410599,-99.058779,,,Desert shrubland,-0.2780642474910213,0.5268703876442958,0.046304872099498816,0.20472622404600938,8.16305823509844,471.1244639909424,0.1326845204409815,0.47145178309886204,0.027800000000000002,0.4515815085158151,0.27639902676399025,0.13527980535279804,0.053041362530413624,0.030656934306569343,0.010218978102189781,0.01508515815085158,0.026277372262773723,0.00145985401459854,1.4629113992891891,0.15839909808342728,2055,0.1033196967700726,0.9274504779261201,0.9309924241051475,0.4705437312684484,11.310794881880506
1000S_OCTB,OCTB,TOP,1.095,662.0,2.0,0.51,0.9,8.1,1.3,21.0,7.91,3.78,0.11,13.5,15.62,53.78,0.111,0.849,7.649,0.0015,0.0012,0.0588,6.54,Bray,28.16,57.87,13.97,0.039386228176969,0.00650210874505885,0.0282484893548539,0.00789778704289763,0.086561934222914,0.012478808454438,OCTB_TOP,OCTB,43.3055054,-116.2432178,963.0,21.6,Desert shrubland,-0.3423919477378045,0.5259169923320552,0.04707064951994149,0.2262059468077953,8.011078429777726,452.6577797607672,0.12114917917994585,0.3530719248950557,0.0342,0.4148038490007402,0.3872686898593634,0.12642487046632125,0.02679496669133975,0.02472242783123612,0.006513693560325684,0.005033308660251665,0.007994078460399704,0.00044411547002220575,1.2837591624883176,0.07700892857142858,6755,0.10411763766255268,0.9275980202159432,0.9129421792756265,0.4743127924594705,6.057454546096263
1000S_OCTU,OCTU,TOP,1.087,604.0,2.0,0.41,1.0,11.6,1.4,27.0,7.63,3.54,0.1,12.82,15.0,65.6,0.131,1.039,7.931,0.0016,0.0,0.0837,5.98,Bray,28.07,57.94,13.99,0.0342545155844545,0.00614904848007606,0.0221121165474442,0.00490150322259124,0.0980810521023066,0.0149770246657889,OCTU_TOP,OCTU,43.3055281,-116.2429905,963.0,21.0,Desert shrubland,-0.08403784682777439,0.49778670409615106,0.05390442921038821,0.2585276683233567,8.65719748974236,454.2180304682045,0.19124320266466774,0.6138742256387189,0.02234,0.4313760169791298,0.36858860983374603,0.14078528475415636,0.019808984789529537,0.026529890343119915,0.0033604527767951893,0.002829854969932791,0.006367173682348779,0.00035373187124159886,1.2513060267972824,0.0629817634893777,5654,0.12107243689130517,1.0913879167417972,1.1073078205515883,0.49071311201678447,5.570701824102514
1000S_ONAQ,ONAQ,TOP,1.035,395.0,5.0,0.67,0.5,3.1,0.9,5.0,14.62,1.19,0.12,16.94,9.27,343.18,0.069,2.076,30.087,0.001,0.0009,0.0057,8.56,Olsen,37.3,37.8,25.0,0.0207290506044934,0.00303626960238139,0.0659836680016787,0.00315020576819868,0.108263030952957,0.0118698960933289,ONAQ_TOP,ONAQ,40.17647,-112.4546,1627.0,37.1,Desert shrubland,-0.32056387278081655,0.5296414792488441,0.051146461828584545,0.23045920776225642,7.70003078370089,436.6458757782554,0.11828148587723297,0.5517240585702066,0.012,0.4186383389666828,0.18686624818928055,0.104297440849831,0.14872042491549975,0.03718010622887494,0.024625784645098986,0.05649444712699179,0.02221149203283438,0.0009657170449058426,1.6643700134914192,0.408843537414966,2071,0.11152959697232674,0.9112867004342198,0.9941405415151827,0.5056168530083736,6.827144265527444
1000S_ORNL,ORNL,TOP,1.187,109.0,15.0,0.17,1.3,62.5,1.7,24.0,1.35,0.42,0.09,2.14,9.3,159.79,0.242,3.761,15.541,0.0004,0.0015,0.0017,4.94,Bray,37.3,39.8,23.0,0.260871800900069,0.0242313382219543,0.125153956568534,0.0100817348800236,0.0996180347671562,0.0131982489962944,ORNL_TOP,ORNL,35.96337,-84.28182,310.0,23.2,Temperate forests,-0.2738261212537993,0.5120818691412262,0.04729718426434161,0.21551058198904413,9.20433651572594,479.1129608013779,0.11035143721070961,0.4544689773243454,0.3311,0.4702079820123665,0.2571669477234401,0.1163575042158516,0.05803822372119168,0.06042720629567173,0.00955593029792018,0.012366498032602586,0.01447442383361439,0.001405283867341203,1.458435402729287,0.18520986009327114,7116,0.1003432773468797,0.9737324262369255,0.8713151208856039,0.4344019755086392,10.765885008518083
1000S_OSBS,OSBS,TOP,1.062,92.0,2.0,0.14,0.2,2.3,0.1,33.0,1.59,0.5,0.1,2.43,1.7,30.12,0.058,0.818,14.103,0.0004,0.001,0.0017,5.08,Bray,91.3,1.9,6.9,0.0325397065440755,0.00259913733462047,0.0337554459765089,0.00364825502706119,0.0768025997041097,0.00968860858521722,OSBS_TOP,OSBS,29.691389,-81.988611,40.0,26.0,Temperate coniferous forests,-0.4029911036660817,0.5266682866419146,0.044794550725275696,0.20032098369612078,8.492236977174946,480.83701707250646,0.10565145753149584,0.40716394735558903,0.0152,0.43207222699914016,0.23187159644597305,0.09802235597592433,0.0821152192605331,0.07165376898824878,0.023215821152192607,0.017483519633132702,0.03969618801948983,0.003869303525365434,1.6309479973598626,0.31239420725973294,6978,0.0962479273883112,0.9178203451629818,0.8339519070207368,0.4308463687758114,12.519425622743016
1000S_PHTU,PHTU,TOP,1.168,34.0,6.0,0.11,0.4,1.7,0.5,35.0,4.32,0.46,0.04,4.91,5.89,72.86,0.127,1.701,13.394,0.0006,0.0008,0.0078,7.09,Olsen,88.03,3.99,7.98,0.0632492058833541,0.021716194266748,0.048804955457526,0.00794247215077943,0.131992705063364,0.0244652367898864,PHTU_TOP,PHTU,39.982739,-75.154164,20.0,19.1,Temperate coniferous forests,-0.0985331025513459,0.5020185691853845,0.05775564408060363,0.24344624974469323,8.589013916480367,421.40904565388087,0.13503368572186947,0.532980450896608,0.044829999999999995,0.3225703324808184,0.4440537084398977,0.17742966751918157,0.015664961636828643,0.02557544757033248,0.0012787723785166241,0.0041560102301790285,0.008312020460358057,0.0009590792838874681,1.268921065514556,0.05926176769387064,3128,0.12513205833738253,1.0223258496345817,1.1159192429020044,0.5404031312710783,2.9125363821321932
1000S_PPRH,PPRH,TOP,1.36,115.0,3.0,0.08,0.6,2.0,0.7,48.0,11.41,2.07,0.08,13.85,9.43,240.2,0.283,3.02,10.671,0.0016,0.0012,0.019,6.42,Bray,26.03,55.98,17.99,0.023908721389622,0.0362397273038681,0.057411243123646,0.0104576557363388,0.0891488206824514,0.0173333354135971,PPRH_TOP,PPRH,40.050291,-75.033307,31.0,16.45,Temperate forests,-0.2908875455340774,0.5216658075623289,0.044034846977401045,0.23900965426577983,8.649031815787154,499.74712604863737,0.13816032969276823,0.32328505878326236,0.00753,0.5402802101576182,0.19264448336252188,0.24168126094570927,0.0008756567425569177,0.01576182136602452,0.00788091068301226,0.0008756567425569177,,,1.1090349894075193,0.02605570530098832,1142,0.09780152831735714,0.9486557985035461,0.8616932685677624,0.44259547152221906,0.6597378945252181
1000S_PRS1,PRS1,TOP,1.129,598.0,8.0,0.51,4.6,3.9,2.5,16.0,11.13,1.74,0.15,14.55,25.99,116.67,0.089,0.854,9.596,1.11,1.45,,7.75,Olsen,58.02,31.99,10.0,0.069982235330316,0.00840781396941174,0.102499940167049,0.016275661634349,0.18198088834656,0.0287100838738449,PRS1_TOP,PRS1,46.251743,-119.728729,300.0,3.6,Temperate forests,-0.0433790903719728,0.49971809043880266,0.056945095434094366,0.2733882057972722,8.319187248777302,430.4954749637463,0.1805977736269956,0.6307357478825961,0.0265,0.3230484418389386,0.4831842024066646,0.1761801912989818,0.002776920703486578,0.007096575131132366,0.000617093489663684,0.0021598272138228943,0.004319654427645789,0.000617093489663684,1.119726976447273,0.017902010050251257,3241,0.128161859823777,1.0657894006424473,1.1825604243781325,0.534658805274304,8.323475707825677
1000S_PRS2,PRS2,TOP,1.138,1498.0,11.0,0.76,1.4,4.8,0.6,15.0,9.98,2.49,0.09,16.4,13.23,188.92,0.18,1.728,9.6,4.15,1.91,,8.09,Olsen,56.1,31.93,11.97,0.153644175033664,0.0213182256087704,0.255002452804669,0.0242780131655538,0.604626003609325,0.0947751222202638,PRS2_TOP,PRS2,46.251755,-119.728843,300.0,3.4,Desert shrubland,-0.05855963912683951,0.502927117160796,0.05444684709951021,0.2591620704801575,8.416034367784057,442.17845649035576,0.1575190793016971,0.5108179138123394,0.05029,0.2996572547739514,0.515749959196997,0.14705402317610577,0.010935204831075566,0.012893748979924922,0.004406724334911049,0.0021217561612534683,0.00554920842173984,0.0016321201240411295,1.1662578050011048,0.039002882821773784,6127,0.12097897739864465,1.0337534442104692,1.1041372045311968,0.5228142248631827,7.207174642642594
1000S_RMNP,RMNP,TOP,1.052,86.0,2.0,0.26,0.3,1.1,0.1,71.0,2.96,0.53,0.05,3.76,6.21,31.03,0.08,0.797,9.962,0.0015,0.0015,0.0359,5.55,Bray,67.2,23.8,9.1,0.106416514336326,0.00673314834615093,0.0487336115794511,0.00463817094049044,0.20160437473065,0.021298818506768,RMNP_TOP,RMNP,40.20332,-105.480967,2585.0,31.6,Temperate coniferous forests,-0.3104148241816929,0.5193062539274459,0.046461988631472516,0.20812888018680717,9.02057714625746,491.96913289584404,0.1102186079839973,0.44371936224266484,0.0677,0.39166942879239863,0.30604353110153576,0.09606673295768424,0.06253452657164954,0.050270688321732405,0.0386145177328472,0.02088167053364269,0.023699038780245277,0.01021986520826428,1.6201978214812682,0.2597953928596284,18102,0.09977577437664266,0.9463074152592424,0.8723133665807783,0.44226992379007113,15.80486703477431
1000S_SCBI,SCBI,TOP,1.319,240.0,13.0,0.58,6.0,42.9,3.2,96.0,10.73,2.95,0.06,14.36,21.73,73.1,0.431,4.036,9.364,0.0017,0.0049,0.0037,6.72,Bray,27.1,39.8,33.1,0.252448857711012,0.038898962922228,0.076744516227315,0.0158846098932553,0.114399414588527,0.0422806819641539,SCBI_TOP,SCBI,38.8896,-78.13865,312.0,22.1,Temperate forests,-0.19057433770256424,0.5094760696793245,0.052599840901173325,0.23759131452315,8.298476443563343,435.5783210622568,0.12768665283694244,0.46812306089082206,0.7271,0.41701183431952665,0.27840236686390535,0.10399408284023669,0.07470414201183433,0.06582840236686391,0.015384615384615385,0.0235207100591716,0.014497041420118343,0.006656804733727811,1.5761696521925992,0.2509252405625463,6760,0.1137224505368957,0.992314375988014,1.0078052773811652,0.49290400952460506,6.48986087921525
1000S_SERC,SERC,TOP,1.551,194.0,23.0,0.36,4.5,35.5,1.7,153.0,3.55,1.44,0.13,5.62,19.03,230.41,0.27,3.959,14.663,0.0005,0.0031,0.0192,5.34,Bray,39.1,37.8,23.1,0.203901568644538,0.0126235943911428,0.0730549818713068,0.0116391142940684,0.388855327851664,0.088745080824374,SERC_TOP,SERC,38.8912,-76.56173,24.0,22.3,Temperate forests,-0.3817244156102825,0.5248309582021119,0.03974101898808131,0.19523332551323214,9.49770447052862,529.9891499654188,0.0934641513532282,0.3150141710085894,0.4437,0.45395348837209304,0.23391771019677995,0.08808586762075134,0.06432915921288014,0.06661896243291592,0.04422182468694097,0.03076923076923077,0.014883720930232559,0.0032200357781753132,1.5954275913628446,0.28873109553670234,13975,0.08569241069487306,0.9206220965030227,0.7419367787266087,0.3850963605300512,16.152417633729044
1000S_SJER,SJER,TOP,1.01,460.0,5.0,0.47,2.7,20.3,0.3,75.0,5.85,0.79,0.11,7.93,12.82,164.38,0.281,2.852,10.149,0.0019,0.0032,0.0228,6.72,Bray,63.1,24.0,13.0,0.152412437490545,0.0162981074525989,0.177198808123478,0.0226106895477656,0.332801255273208,0.0572115633717749,SJER_TOP,SJER,37.111218,-119.736475,383.0,31.8,Mediterranean woodlands,-0.1955381654125854,0.5114889862461381,0.04574516784357555,0.21968610775763647,9.647624715424444,508.4403116658147,0.12760136274759742,0.4735920631611337,0.0814,0.34117996509857795,0.39906434485575315,0.08951843463409201,0.05201797051943712,0.033416255151672666,0.04292132328370401,0.018601715367764452,0.014331860542828501,0.008948130546170125,1.5291578238806673,0.20516377304456776,26933,0.09958144364705139,0.983285712126745,0.8864293597412353,0.4358678206287927,9.351542069152408
1000S_SOAP,SOAP,TOP,1.147,322.0,5.0,0.31,0.9,10.0,0.2,39.0,4.1,0.75,0.1,5.78,3.46,164.02,0.229,4.303,18.79,0.0004,0.003,0.019,5.93,Bray,61.1,27.9,11.1,0.0835066963481893,0.0325376854118255,0.165978959630667,0.0148670510187313,0.344316851734753,0.0359537528090988,SOAP_TOP,SOAP,37.033662,-119.263687,1169.0,25.7,Temperate coniferous forests,-0.36916901034492267,0.526447676252906,0.04075574945352614,0.20612182417512864,9.353621765858462,523.4969360239642,0.10096984936159631,0.3855316965909516,0.22640000000000002,0.46916324036004,0.2482498055339482,0.09745527280808979,0.06634070452272475,0.05822869207689743,0.018224247138570952,0.015335037226358485,0.02289143238137571,0.004111567951994666,1.5195141506713996,0.22719214509750443,8999,0.08811160951109626,0.9170160485872592,0.7690748438750155,0.3979524543682339,2.566460868105868
1000S_SRER,SRER,TOP,1.001,199.0,2.0,0.36,0.5,2.4,2.9,3.0,13.11,0.53,0.08,14.23,6.42,378.0,0.032,2.434,76.062,,,4.0,8.57,Olsen,65.2,23.9,11.0,0.0441201613301217,0.00335407985217582,0.0696203820887581,0.00648159193184139,0.0980404423044926,0.0117879387405388,SRER_TOP,SRER ,31.9114,-110.8359,984.0,40.1,Desert shrubland,-0.26969307886933114,0.5265272138993983,0.04636121350349107,0.20266361185016557,8.265762724351182,461.77216795773006,0.12242104419638863,0.4121334789802473,0.024,0.4371931505208957,0.26439947311699197,0.10501736319003713,0.07615854388695964,0.03915698718716321,0.03424739552149443,0.022871512393725302,0.01592623637887678,0.005029337803855826,1.5676132900960893,0.23975653206650832,8351,0.10279358659195983,0.9241131601271493,0.9247215243843586,0.4706806513805096,13.154177382360343
1000S_SRR1,SRR1,TOP,1.002,122.0,6.0,0.16,1.3,20.3,0.9,14.0,1.55,0.51,0.08,2.45,2.87,107.77,0.065,0.339,5.215,0.0009,0.0008,0.0027,7.75,Olsen,73.0,12.0,15.1,0.0299180041901219,0.00198219627007981,0.042534850453179,0.00503022875416211,0.0407614927289685,0.0056764288708599,SRR1_TOP,SRR1,31.799945,-110.87298,1160.0,37.8,Desert shrubland,-0.2332614263905537,0.5197382526677203,0.04859206674506235,0.2117983020348431,8.037976039680345,457.4242384269221,0.14125508080823707,0.45083729597157596,0.047799999999999995,0.44284074134820406,0.22732491389207807,0.1079219288174512,0.08069542397900607,0.04969657208463179,0.03296703296703297,0.02164999179924553,0.03313104805642119,0.0037723470559291455,1.6194427922927388,0.28520236087689715,6097,0.10762162678611904,0.9590269873402837,0.9693773106533078,0.47855727851261065,15.093361157882361
1000S_STER,STER,TOP,1.039,424.0,5.0,0.57,0.5,2.8,0.4,2.0,20.15,1.21,0.05,22.5,12.96,67.83,0.103,1.602,15.553,0.0081,0.0016,0.0042,8.41,Olsen,57.0,20.0,23.1,0.059463422544121,0.0131933173535768,0.0762106604961479,0.0151043061105675,0.156370189954815,0.0185077757432594,STER_TOP,STER,40.462975,-103.030463,1366.0,39.0,Temperate grasslands,-0.06145965371901088,0.504390436981827,0.05666212660306881,0.25039512426222593,7.899957955048979,417.67488001781805,0.18514802418691167,0.5851213845297362,0.018,0.4211913547706906,0.3410648392198208,0.18924617817606748,0.013178703215603585,0.01686874011597259,0.0015814443858724301,0.005271481286241434,0.010015814443858724,0.0015814443858724301,1.266182108862776,0.05096952908587258,1897,0.13158914379774272,1.0548562184297436,1.2373925614324954,0.5567116329449395,4.507086500727587
1000S_TALL,TALL,TOP,1.111,71.0,7.0,0.2,0.5,10.4,0.1,49.0,1.01,0.18,0.1,1.47,5.04,75.1,0.102,2.578,25.275,,,0.77,6.17,Bray,66.9,20.1,13.0,0.117866666666667,0.00925333333333333,0.0656640548141467,0.00894212222152562,0.208309772720183,0.026612869366907,TALL_TOP,TALL ,32.950693,-87.392825,131.0,27.0,Temperate forests,-0.2756495229987676,0.516840793883901,0.049630841279555665,0.22807015239931033,8.141542376929698,442.1303702826833,0.11162870735120466,0.39533155139384835,0.0691,0.4407096171802054,0.2250233426704015,0.12729536258948024,0.07594148770619359,0.0718954248366013,0.014628073451602863,0.019919078742608155,0.02209772798008092,0.0024898848428260194,1.5831301670503988,0.260989010989011,3213,0.1068221895236726,0.9560736309048602,0.9364011746374964,0.47242703555865184,12.737752161383325
1000S_TEAK,TEAK,TOP,1.133,75.0,2.0,0.14,0.1,4.8,0.1,18.0,0.78,0.2,0.08,1.25,7.34,94.8,0.136,2.797,20.566,0.0007,0.0017,0.041,6.82,Bray,74.9,18.1,7.0,0.040645748321291,0.00340762029970432,0.113417833425848,0.00935653833811839,0.137032196926389,0.0159074005692657,TEAK_TOP,,37.00583,-119.00602,,,Temperate coniferous forests,-0.3281488360946916,0.5255747987850712,0.04425156955069672,0.201468430330886,9.15337733680789,494.78996083858846,0.10544358230253581,0.44139727639134824,0.020300000000000002,0.4130565583634176,0.2546630565583634,0.11823104693140794,0.06716305655836342,0.05776173285198556,0.03279181708784597,0.022412755716004814,0.02489470517448857,0.009025270758122744,1.6436893330693252,0.2723444976076555,13296,0.0960238339868761,0.921318424028637,0.8464854312423665,0.4349333450423258,11.92789828280394
1000S_UKFS,UKFS,TOP,1.296,382.0,12.0,0.95,4.8,14.8,0.7,50.0,18.83,2.42,0.13,22.36,24.16,297.39,0.413,4.576,11.08,0.0044,0.004,0.0036,6.94,Bray,16.9,50.1,33.1,0.200090032577355,0.0317580278588091,0.0665434585306587,0.0155205212663908,0.155282625912547,0.0293760683203237,UKFS_TOP,UKFS,39.0407,-95.19161,274.0,25.9,Temperate grasslands,-0.1155294107931807,0.5036449049386416,0.05637143214383397,0.2593935626843875,8.909012690103928,439.8313609222708,0.1578776432873688,0.6845758789465206,0.18569999999999998,0.41681901279707495,0.33065204143814747,0.10773918342474101,0.05460085313833029,0.051919561243144424,0.01194393662400975,0.015112736136502132,0.009993906154783669,0.001218769043266301,1.4535259083027263,0.16930312099187686,8205,0.12487914282134652,1.0358172728220163,1.136240968546842,0.521682538502977,6.300455225586486
1000S_UT12,UT12,TOP,1.576,323.0,27.0,1.0,1.2,34.1,2.7,311.0,24.93,5.72,0.19,31.67,54.47,213.55,0.674,9.547,14.165,0.0009,0.0053,0.0011,6.05,Bray,30.8,22.1,47.1,0.196683333333333,0.0111016666666667,0.0916775765267623,0.013410152305633,0.146072775406139,0.0317596747201745,UT12_TOP,UT12,40.8469346,-109.7125711,2473.0,32.1,Temperate coniferous forests,-0.3287835877222634,0.5222926865644427,0.04875908714511137,0.20468384481918891,8.46172635468248,457.25643797926136,0.10423864278268988,0.4303299968276578,0.5088,0.42554181006418007,0.24751185936191983,0.11766347316528696,0.07710910612966236,0.04511208259696772,0.03506650544135429,0.030973862896474746,0.016742628592689053,0.00427867175146498,1.6152730877838457,0.26467474414774733,10751,0.10445297612893306,0.9331073520297757,0.9129360150293238,0.46913141883102416,17.716559075213848
1000S_UT19,UT19,TOP,1.13,271.0,6.0,0.64,1.0,11.7,0.4,64.0,16.89,4.97,0.07,22.62,31.5,43.38,0.203,3.938,19.399,0.0004,0.0021,0.0023,7.35,Olsen,30.8,34.2,35.1,0.193433333333333,0.0141183333333333,0.147652797687111,0.00836586979100971,0.349240945600254,0.0280174046890287,UT19_TOP,UT19,40.7018371,-109.5818412,2610.0,19.5,Temperate coniferous forests,-0.2626491540090895,0.5206727691416675,0.048194030333851924,0.2383485253813242,9.074901200489796,465.5281656996446,0.1188956309110434,0.5344612476593475,0.21630000000000002,0.41747959386820627,0.33983675094565,0.12203862233724866,0.039816842524387816,0.04260402150109496,0.01294047382042604,0.014732231734023491,0.007963368504877564,0.002588094764085208,1.4232522417758264,0.13719719266470454,5023,0.10565730259974818,0.9446323343026065,0.939482441001721,0.47267647278120806,13.700861763664275
1000S_UT23,UT23,TOP,1.532,256.0,4.0,0.25,0.7,5.4,0.5,24.0,8.46,1.43,0.05,10.6,12.44,17.81,0.171,2.165,12.661,0.0024,0.0118,0.0008,6.76,Bray,61.0,28.1,11.0,0.9495,0.1094,1.49733512700865,0.100885591240457,3.52164183442212,0.300050292753546,UT23_TOP,UT23,40.685293,-109.4999502,2502.0,26.8,Temperate coniferous forests,-0.2275194262555949,0.5148834676622985,0.04720316376964288,0.2101001398071015,9.367076912144583,492.6509933273442,0.11505161292551541,0.47390986503624216,0.7365,0.37868406742794997,0.3367591082109842,0.10261011419249592,0.0622620989668298,0.03915171288743882,0.03382272974442632,0.02365415986949429,0.017074497009244155,0.005981511691136488,1.57082672877411,0.22241425152884872,18390,0.10218774046215515,0.9646437127722106,0.9054590354546641,0.45262897781859557,8.679159049360146
1000S_UT32,UT32,TOP,1.028,237.0,4.0,0.27,0.9,6.2,0.6,24.0,8.2,1.41,0.06,10.28,12.22,6.11,0.177,1.961,11.079,0.0019,0.0015,0.0081,6.54,Bray,65.0,20.1,15.0,0.077,0.0103133333333333,0.0415802338913379,0.00616733387244463,0.105053310780912,0.0188395492719993,UT32_TOP,UT32,40.6195637,-109.61135,2362.0,39.0,Desert shrubland,-0.20215354030081142,0.5116304876224864,0.04866257872673346,0.22620106547868538,8.724354802385404,462.06927940822493,0.1365603540556011,0.46700928152171534,0.0348,0.3939591836734694,0.363265306122449,0.10416326530612245,0.05175510204081633,0.037387755102040815,0.011755102040816326,0.022040816326530613,0.014693877551020407,0.0009795918367346938,1.4516689189967007,0.16091736163760426,6125,0.10605397659642052,0.9871831118719372,0.943976103018472,0.4609399018942505,7.466063348416314
1000S_WLLO,WLLO,TOP,1.303,49.0,4.0,0.23,0.01,0.7,1.0,7.0,10.79,3.53,0.07,14.52,12.8,129.85,0.188,2.513,13.367,0.0004,0.0023,0.0087,7.58,Olsen,60.02,23.99,15.99,0.0818985154452981,0.00946250397011218,0.342657098586967,0.00904533390505244,0.187065143392474,0.0328609410533232,WLLO_TOP,WLLO,39.290382,-76.744543,139.0,12.8,Temperate forests,-0.3277646883682492,0.5281098030883905,0.04411023406534433,0.22193356344895268,8.127634778396216,468.11194877418416,0.10499587534422983,0.3084085630725896,0.1141,0.4621922626025791,0.22743259085580306,0.1447831184056272,0.07825322391559203,0.04044548651817116,0.014947245017584994,0.022274325908558032,0.009085580304806565,0.0005861664712778429,1.4970638883978697,0.19845451352300666,3412,0.09567100980336304,0.9123494870271602,0.8457188750168163,0.43871886355679723,8.655057446102944
1000S_WLUP,WLUP,TOP,1.481,117.0,6.0,0.84,0.6,5.6,0.7,4.0,13.88,3.31,5.81,23.3,21.94,460.22,0.356,5.589,15.699,0.0021,0.0012,0.0197,7.68,Olsen,40.34,39.09,20.57,0.129148455327723,0.0192422060001793,0.0503310914907557,0.00901957664490666,0.213558009387159,0.0382819673957037,WLUP_TOP,WLUP,39.290308,-76.74376,139.0,13.9,Temperate forests,-0.10706020912650097,0.5055704595555247,0.05466917586888554,0.2632323217379961,8.635514971896347,443.9193011258763,0.1696888904935737,0.6628343906396871,0.08849,0.3813887909763835,0.36023968981318294,0.18364469510045822,0.01973916108565386,0.0338385618611209,0.011279520620373634,0.0042298202326401125,0.004934790271413465,0.0007049700387733521,1.3437595841650127,0.08076190476190476,2837,0.12257213254624379,1.0365566063651603,1.1271577847532666,0.5150287017426951,6.711728131718349
1000S_WY01,WY01,TOP,1.213,118.0,8.0,0.48,2.3,6.3,2.1,76.0,38.45,2.78,0.11,41.64,42.66,724.56,0.533,6.984,13.103,0.95,2.37,1.5816,7.28,Olsen,54.9,28.1,17.1,0.115783333333333,0.00963833333333333,0.187177180494127,0.0106860373416166,0.174388554434259,0.0130354118907641,WY01_TOP,WY01,44.942634,-109.712562,2274.0,15.35,Temperate coniferous forests,-0.24395212248465517,0.5186387773164624,0.04416183852625433,0.21447978821911173,9.682048131813728,512.3039115622043,0.11176925340813477,0.4641880608339234,0.4069,0.36471951784886414,0.36082522021325913,0.09782104775150673,0.054891052387575336,0.03282336578581363,0.04167825683820121,0.02508113120074177,0.015391747797867408,0.006768660176170608,1.5574750388036278,0.21452702702702703,21570,0.09612060385836199,0.9492231472655488,0.8546492989584519,0.430862847624227,12.01279612657787
1000S_WY03,WY03,TOP,1.384,398.0,17.0,1.09,9.7,3.6,1.1,109.0,34.83,6.79,0.97,43.61,48.93,732.62,0.903,11.222,12.427,1.46,4.12,7.1301,6.68,Bray,46.8,34.1,19.2,0.119083333333333,0.0203266666666667,0.220037929860702,0.0158233128063362,0.318018072236199,0.0489378312813773,WY03_TOP,WY03,44.016047,-109.143313,2440.0,22.55,Temperate coniferous forests,-0.17593401798261268,0.5096308348834723,0.04852872940051108,0.22342482267663083,9.33552651387739,488.7654974803618,0.12612159242377194,0.4989071774838396,0.667,0.35009775171065494,0.3827956989247312,0.1064516129032258,0.05268817204301075,0.028103616813294232,0.037341153470185726,0.017008797653958945,0.015347018572825024,0.010166177908113392,1.5317553604840097,0.1914051126768765,20460,0.10531561842232715,0.9896912229744225,0.9379480146254129,0.4594814496537725,5.858478189570325
1000S_WY09,WY09,TOP,1.351,133.0,10.0,0.43,2.0,18.4,1.7,171.0,24.97,3.91,0.15,29.37,34.56,313.71,0.289,4.218,14.595,0.78,3.52,2.4343,6.12,Bray,44.7,30.3,25.0,0.136316666666667,0.009515,0.34333968901071,0.00647991799488363,0.12670412628494,0.0179385112555199,WY09_TOP,WY09,43.583143,-109.946757,2802.0,22.5,Temperate coniferous forests,-0.21120722272276055,0.5112000191839888,0.04596096359599813,0.21398028920823547,9.677029103416348,505.3075494430484,0.1240397274227425,0.44215096443843144,0.32430000000000003,0.32527157204345153,0.4210698913711826,0.1057183849149416,0.04070506251281,0.025988932158229144,0.04373847099815536,0.017790530846484937,0.010821889731502356,0.008895265423242468,1.4917875425734688,0.17362647936110845,24395,0.0994783883727128,0.9824468953179344,0.8791701812481155,0.43526872497318586,14.326502014363323
1000S_WY10,WY10,TOP,1.426,209.0,11.0,0.35,2.1,13.0,0.7,105.0,15.49,1.6,0.1,17.73,21.57,112.43,0.372,4.168,11.204,1.64,5.05,15.291,6.29,Bray,48.7,32.3,19.1,0.0805166666666667,0.0155633333333333,0.126455180712179,0.0142977191121535,0.387631241094172,0.0438824440014072,WY10_TOP,WY10,43.582587,-109.97175,2865.0,13.4,Temperate coniferous forests,-0.20576913885855053,0.5117529991282568,0.049868325447854224,0.21090777217455842,8.719079769798128,460.72546224568526,0.1256554079808879,0.4117863021722238,0.1961,0.3635052016098413,0.38264105095299566,0.1120814032956185,0.04783962335788594,0.029918748576201686,0.031513402688131215,0.017161515680765432,0.010175411952312249,0.0051636418862480065,1.4837452175297035,0.16519200141567864,13169,0.10810024992347092,0.9811615602443615,0.9576880158745923,0.47491400443230514,5.173484686228327
1000S_WY15,WY15,TOP,1.199,165.0,12.0,0.46,1.7,115.7,1.1,179.0,6.01,1.27,0.14,7.84,27.45,59.09,0.247,6.887,27.883,0.7,1.88,9.5747,5.14,Bray,53.0,26.1,21.0,0.188716666666667,0.00836833333333333,0.0858622760982217,0.00848272357606833,0.233027340675782,0.0380167160367061,WY15_TOP,WY15,42.581893,-108.751004,2639.0,22.950000000000003,Temperate coniferous forests,-0.3712826438852367,0.5235681091898736,0.04354061250295902,0.20259303178975702,9.384673251972867,507.17143315689566,0.09835350525040164,0.4325196756556082,0.4125,0.44192511510728866,0.2283902354269829,0.10572495873512293,0.07253931022500217,0.06211449917470246,0.035270610720180694,0.027886369559551732,0.020675875249761097,0.00547302580140735,1.6251123773869343,0.28859285794246053,11511,0.0931501810128056,0.9265921965892938,0.8076448431718224,0.4162105368355498,22.551284604660477
